Job Role,Skills
Data Analyst,"Python, SQL, Power BI, Excel, Data Visualization, Statistics"
AI Engineer,"Python, Machine Learning, Deep Learning, NLP, TensorFlow, PyTorch, Keras"
Software Engineer,"Java, Python, C++, SQL, Git, Data Structures, Algorithms"
Web Developer,"HTML, CSS, JavaScript, React, Node.js, MongoDB, REST API"
Data Scientist,"Python, R, Machine Learning, Data Analysis, SQL, Hadoop, Spark"
Business Analyst,"SQL, Excel, Tableau, Power BI, Business Intelligence, Communication"
DevOps Engineer,"Linux, Docker, Kubernetes, AWS, Jenkins, Python, Bash"
Cyber Security Analyst,"Network Security, Python, Linux, Cryptography, Firewalls, Penetration Testing"
